Country,ISO2,Continent,flag_url,gdp,sex_ratio,surface_area,life_expectancy_male,unemployment,homicide_rate,urban_population_growth,secondary_school_enrollment_female,employment_agriculture,co2_emissions,forested_area,tourists,life_expectancy_female,post_secondary_enrollment_female,post_secondary_enrollment_male,primary_school_enrollment_female,infant_mortality,gdp_growth,population,urban_population,secondary_school_enrollment_male,pop_growth,region,pop_density,internet_users,gdp_per_capita,fertility,refugees,primary_school_enrollment_male
Afghanistan,AF,Asia,https://api-ninjas-data.s3.us-west-2.amazonaws.com/flags/4x3/DlKrXnf9/af.svg,20514,105.4,652864,62.8,11.2,6.7,4,40,42.4,,2.1,,65.8,4.9,14.2,82.9,51.7,-1.7,38928,25.8,70.1,2.5,Southern Asia,59.6,13.5,551.9,4.6,2826.4,124.2
Albania,AL,Europe,https://api-ninjas-data.s3.us-west-2.amazonaws.com/flags/4x3/4Vk7Tr9s/al.svg,15059,103.7,28748,76.7,12.8,2.3,1.8,95.7,36.1,4.3,28.2,5340,80.1,67.6,43,109.1,8,4.1,2878,61.2,95.2,-0.1,Southern Europe,105,71.8,5223.8,1.6,4.3,105.2
Algeria,DZ,Africa,https://api-ninjas-data.s3.us-west-2.amazonaws.com/flags/4x3/1WK4rgqM/dz.svg,173757,102.1,2381741,75.4,11.5,1.4,2.9,101.5,9.7,130.5,0.8,2657,77.8,64.4,38.8,107.3,21.2,1.4,43851,73.2,97.8,2,Northern Africa,18.4,49,4114.7,3,99.5,112.4
Andorra,AD,Europe,https://api-ninjas-data.s3.us-west-2.amazonaws.com/flags/4x3/kSezcqOa/ad.svg,3238,102.3,468,,,0,-1.7,,,,34,3042,,,,,,1.6,77,88,,-0.2,Southern Europe,164.2,91.6,42051.6,1.2,,
Angola,AO,Africa,https://api-ninjas-data.s3.us-west-2.amazonaws.com/flags/4x3/Y4ulwkTf/ao.svg,105902,97.9,1246700,57.8,6.8,4.8,4.7,39.7,50.2,18,46.4,218,63.4,8.5,10.2,105.9,61.5,-1.2,32866,66.2,61.8,3.3,Middle Africa,26.4,14.3,3437.3,5.6,70.1,121.1
Argentina,AR,South America,https://api-ninjas-data.s3.us-west-2.amazonaws.com/flags/4x3/5T5kKv7x/ar.svg,518475,95.3,2780400,73,10.4,5.3,1.2,111,0.1,183.4,9.9,6942,79.8,112.8,67.8,109.6,10.2,-2.5,45196,92,106.5,1,South America,16.5,74.3,11687.6,2.3,165.6,109.9
Armenia,AM,Asia,https://api-ninjas-data.s3.us-west-2.amazonaws.com/flags/4x3/sxCyz2YN/am.svg,12433,88.8,29743,71.1,16.6,1.7,0.2,84.8,28.9,5.2,11.7,1652,78.3,62.6,47.1,92.7,10.8,5.2,2963,63.2,81.7,0.3,Western Asia,104.1,64.7,4212.1,1.8,19,92.7
Australia,AU,Oceania,https://api-ninjas-data.s3.us-west-2.amazonaws.com/flags/4x3/8EmIAEd8/au.svg,1453871,99.2,7692060,81.2,5.3,0.9,1.6,141.2,2.5,384.6,16.2,9246,85.2,133.3,93.8,100.3,3.1,2,25500,86.1,159,1.3,Oceania,3.3,86.5,58392.7,1.8,129.2,100.3
Austria,AT,Europe,https://api-ninjas-data.s3.us-west-2.amazonaws.com/flags/4x3/2bbhl1nv/at.svg,455508,97.2,83871,78.9,4.8,1,0.7,98.3,3.5,64.9,46.9,30816,83.8,92.5,78.1,103,3.2,2.4,9006,58.5,102.5,0.7,Western Europe,109.3,87.5,51230.3,1.5,163.7,103.2
Azerbaijan,AZ,Asia,https://api-ninjas-data.s3.us-west-2.amazonaws.com/flags/4x3/OcbgHB3y/az.svg,46939,99.8,86600,70.3,6,2.2,1.7,94.5,35.5,30.8,13.8,2633,75.3,29.7,25.9,100,20.8,1.4,10139,56,94.4,1,Western Asia,122.7,79.8,4717.7,2.1,625.2,99.5
Bahamas,BS,North America,https://api-ninjas-data.s3.us-west-2.amazonaws.com/flags/4x3/PxUjn74n/bs.svg,12424,94.5,13940,71.5,11.3,32,1.5,71.6,2.1,,51.4,1633,75.9,,,81.2,5.9,1.6,393,83.1,67.3,1,Caribbean,39.3,85,32218.1,1.8,0,81.6
Bahrain,BH,Asia,https://api-ninjas-data.s3.us-west-2.amazonaws.com/flags/4x3/Cpe3zW9P/bh.svg,37876,183.1,771,76.2,0.8,0.5,2.1,101.7,1,29.8,0.8,12045,78.2,67.8,37,98.8,6,2.5,1702,89.4,95.8,4.3,Western Asia,2238.9,98.6,24133.5,2,0.3,100
Bangladesh,BD,Asia,https://api-ninjas-data.s3.us-west-2.amazonaws.com/flags/4x3/wQImGomf/bd.svg,269628,102.2,147570,70.5,4.2,2.4,3.5,78.3,37.7,78.3,11,1026,74.1,17,24,120.8,26.8,7.9,164689,37.4,67.4,1.1,Southern Asia,1265.2,15,1670.8,2.1,911.8,112.4
Barbados,BB,North America,https://api-ninjas-data.s3.us-west-2.amazonaws.com/flags/4x3/fAqjxo9g/bb.svg,5087,93.8,431,77.6,10.9,9.8,-0.1,105.8,2.6,,14.7,680,80.4,90.6,40.3,97.5,10,-0.4,287,31.2,101.8,0.1,Caribbean,668.3,81.8,17745.9,1.6,0,101.2
Belarus,BY,Europe,https://api-ninjas-data.s3.us-west-2.amazonaws.com/flags/4x3/xhXdvQCJ/by.svg,59662,87.1,207600,69.3,4.6,2.4,0.7,101.7,10.8,54.1,42.5,11502,79.3,95.1,80.2,100.4,3,3,9449,79,103.1,0,Eastern Europe,46.6,79.1,6311.7,1.7,8.6,100.6
Belgium,BE,Europe,https://api-ninjas-data.s3.us-west-2.amazonaws.com/flags/4x3/sYJZUWmL/be.svg,543026,98.3,30528,79,5.7,1.7,0.7,167.8,0.9,90.4,22.6,9119,83.7,90.5,69.3,104,2.8,1.5,11590,98,149.7,0.5,Western Europe,382.7,88.7,47293,1.7,83.5,103.9
Belize,BZ,North America,https://api-ninjas-data.s3.us-west-2.amazonaws.com/flags/4x3/BTrp4lV0/bz.svg,1871,98.9,22966,71.4,6.4,37.8,2.3,87.1,16.6,,59.9,489,77.6,30.5,18.8,108.7,12.8,2.1,398,45.9,83.7,1.9,Central America,17.4,47.1,4884.7,2.3,6.5,114.6
Benin,BJ,Africa,https://api-ninjas-data.s3.us-west-2.amazonaws.com/flags/4x3/tnebKk2C/bj.svg,10412,99.8,114763,59.8,2,1.1,4,50.7,38,6.8,38.2,295,62.8,7.5,17,118,61.1,6.5,12123,47.9,67.1,2.7,Western Africa,107.5,20,906.5,4.9,1.6,125.8
Bhutan,BT,Asia,https://api-ninjas-data.s3.us-west-2.amazonaws.com/flags/4x3/VlCKUGJm/bt.svg,2658,113.4,38394,71,2.4,1.2,3.7,95.7,54.6,,72.2,274,71.6,15.5,15.6,100.2,24.1,5.8,772,41.6,84.7,1.2,Southern Asia,20.2,48.1,3523.8,2,,100.1
Bolivia,BO,South America,https://api-ninjas-data.s3.us-west-2.amazonaws.com/flags/4x3/w5DxuaAw/bo.svg,40288,100.7,1098581,68.3,3.4,6.2,2.1,88.8,30.4,21.9,50.6,1142,74,,,97.6,29.7,4.2,11673,69.8,90.7,1.4,South America,10.8,44.3,3548.6,2.8,0.9,98.6
Bosnia and Herzegovina,BA,Europe,https://api-ninjas-data.s3.us-west-2.amazonaws.com/flags/4x3/NPUsYAUG/ba.svg,19782,96,51209,74.6,18.4,1.2,-0.3,,15.1,22.3,42.7,1053,79.6,,,,6,2.6,3281,48.6,,-0.9,Southern Europe,64.3,70.1,5951.4,1.3,151.7,
Botswana,BW,Africa,https://api-ninjas-data.s3.us-west-2.amazonaws.com/flags/4x3/AE8ssqot/bw.svg,18615,93.9,582000,66,18.7,15.2,3.3,83.5,20.4,7.7,19.1,1623,71.9,29.2,20.5,102.1,30.2,4.5,2352,70.2,76.4,2.1,Southern Africa,4.1,47,8258.2,2.9,2.3,104.4
Brazil,BR,South America,https://api-ninjas-data.s3.us-west-2.amazonaws.com/flags/4x3/7931ZmDc/br.svg,1868613,96.6,8515767,71.9,12,27.4,1.2,102.4,9.1,427.6,59,6621,79.3,59.4,43.5,113.4,13,1.1,212559,86.8,99.3,0.8,South America,25.4,70.4,8920.7,1.7,271.6,117.4
Brunei Darussalam,BN,Asia,https://api-ninjas-data.s3.us-west-2.amazonaws.com/flags/4x3/bKWASJuK/bn.svg,13567,107.8,5765,74.5,9,0.5,1.9,94.6,1.3,6.7,72.1,278,76.9,38.7,24.8,103.6,7.9,0.1,438,77.9,92.4,1.1,South-Eastern Asia,83,94.9,31627.2,1.8,20.9,102.7
Bulgaria,BG,Europe,https://api-ninjas-data.s3.us-west-2.amazonaws.com/flags/4x3/HM1WJvMu/bg.svg,66199,94.4,111002,71.3,3.8,1.3,-0.2,96.8,6.3,42.8,35.2,9273,78.5,78.8,63.7,89.1,6.3,3.1,6948,75.3,99.5,-0.7,Eastern Europe,64,64.8,9387.8,1.6,21.2,89.6
Burkina Faso,BF,Africa,https://api-ninjas-data.s3.us-west-2.amazonaws.com/flags/4x3/5IH3TS6V/bf.svg,16200,99.9,272967,60.1,6.4,1.3,5.2,40.7,24.7,,19.6,144,61.6,4.8,8.2,95.3,54.2,6.8,20903,30,40.7,2.9,Western Africa,76.4,16,820.2,5.2,196.3,96.9
Burundi,BI,Africa,https://api-ninjas-data.s3.us-west-2.amazonaws.com/flags/4x3/g0qlg2JG/bi.svg,3285,98.5,27830,59.2,1.4,6.1,5.6,51.1,92,,10.7,299,62.8,3.8,8.4,122.2,42.4,0.1,11891,13.4,45.8,3.1,Eastern Africa,463,2.7,294,5.4,121.2,120.7
Cabo Verde,CV,Africa,https://api-ninjas-data.s3.us-west-2.amazonaws.com/flags/4x3/1PR2RnJQ/cv.svg,1977,100.8,4033,69.2,12.3,6.8,2,92.5,11.1,,22.3,710,75.9,28.3,19,100.5,16.9,5.1,556,66.2,83.9,1.2,Western Africa,138,57.2,3635.4,2.3,0.1,107.5
Cambodia,KH,Asia,https://api-ninjas-data.s3.us-west-2.amazonaws.com/flags/4x3/05VTn9vl/kh.svg,24572,95.4,181035,67.2,0.7,1.8,3.4,41.6,31.2,10.8,53.6,6201,71.5,12.9,14.4,106.1,23.7,7.5,16719,23.8,48.7,1.5,South-Eastern Asia,94.7,40,1512.1,2.5,57.4,108.7
Cameroon,CM,Africa,https://api-ninjas-data.s3.us-west-2.amazonaws.com/flags/4x3/mmxRczZI/cm.svg,38694,100.1,475650,57.5,3.4,1.4,3.8,55.4,42.9,6.2,39.8,1081,60,11.4,14.1,98,61.2,4.1,26546,57,64.6,2.6,Middle Africa,56.2,23.2,1534.5,4.6,1463.2,108.7
Canada,CA,North America,https://api-ninjas-data.s3.us-west-2.amazonaws.com/flags/4x3/tqQVp6Ry/ca.svg,1712562,98.5,9984670,80.2,5.4,1.8,1.1,114.5,1.4,547.8,38.7,21134,84.2,79.3,59.1,100.8,4.5,1.9,37742,81.5,113,0.9,Northern America,4.2,91,46192.4,1.5,189.8,101.1
Central African Republic,CF,Africa,https://api-ninjas-data.s3.us-west-2.amazonaws.com/flags/4x3/8D0085nh/cf.svg,2243,98.3,622984,50.5,3.7,20.1,1.1,13.8,77.1,,35.6,107,54.9,1.6,4.4,89.4,81.9,4.3,4830,41.8,20.5,1.4,Middle Africa,7.8,4.3,480.7,4.8,712.6,114.6
Chad,TD,Africa,https://api-ninjas-data.s3.us-west-2.amazonaws.com/flags/4x3/nbvlpGFC/td.svg,11387,99.7,1284000,52.4,1.9,,3.8,14.2,76.3,,3.9,87,55.2,1.5,5,75.5,74.5,2.4,16426,23.3,30.9,3,Middle Africa,13,6.5,735.7,5.8,667.4,98.2
Chile,CL,South America,https://api-ninjas-data.s3.us-west-2.amazonaws.com/flags/4x3/oTekG21d/cl.svg,298231,97.3,756102,77.4,7.1,4.4,1,102,8.8,86.1,23.9,5723,82.3,94.7,82.5,99.9,6.7,4,19116,87.6,101.6,1.2,South America,25.7,82.3,15923.4,1.6,385.5,102.9
China,CN,Asia,https://api-ninjas-data.s3.us-west-2.amazonaws.com/flags/4x3/KIVOnztM/cn.svg,13608152,105.3,9600000,74.5,4.4,0.5,2.9,88,24.7,9257.9,22.1,62900,79,55.9,45.9,100.8,9.9,6.6,1439324,60.3,88.3,0.5,Eastern Asia,153.3,54.3,9531.9,1.7,322.4,99.7
Colombia,CO,South America,https://api-ninjas-data.s3.us-west-2.amazonaws.com/flags/4x3/Ajw0sGbz/co.svg,330228,96.5,1141748,74.2,9.7,25.3,1.4,100.1,16.5,75.3,52.7,3904,79.8,59.7,51.1,112.8,12.6,2.7,50883,81.1,95,1.4,South America,45.9,64.1,6649.6,1.8,9717.2,116.2
Comoros,KM,Africa,https://api-ninjas-data.s3.us-west-2.amazonaws.com/flags/4x3/CYnVvu0v/km.svg,1166,101.8,2235,62.3,4.4,,2.7,61.4,49.9,,19.9,36,65.8,8,9.9,99.4,53.1,3,870,29.2,57.6,2.2,Eastern Africa,467.3,8.5,1400.5,4.2,0,99.6
Congo (Congo-Brazzaville),CG,Africa,https://api-ninjas-data.s3.us-west-2.amazonaws.com/flags/4x3/BF8UvKpZ/cg.svg,,,,,,,,,,,,,,,,,,,,,,,,,,,,,
Costa Rica,CR,North America,https://api-ninjas-data.s3.us-west-2.amazonaws.com/flags/4x3/Y3NmLLLP/cr.svg,60126,99.8,51100,77.4,12.7,11.3,2.5,137.7,11.9,7.6,54,3017,82.7,60.7,50,113.8,7.3,2.7,5094,80.1,128.1,1,Central America,99.8,74.1,12026.5,1.8,79.2,112.8
Croatia,HR,Europe,https://api-ninjas-data.s3.us-west-2.amazonaws.com/flags/4x3/RytnoeYA/hr.svg,60991,93.1,56594,75,7.1,0.6,-0.1,101.8,5.8,16.2,34,16645,81.4,78.8,57.4,96.5,4,2.7,4105,57.2,97.1,-0.6,Southern Europe,73.4,75.3,14674,1.4,8.3,96.4
Cuba,CU,North America,https://api-ninjas-data.s3.us-west-2.amazonaws.com/flags/4x3/ZKfQII5h/cu.svg,100023,98.6,109884,76.7,1.6,5,0.3,101.9,17.3,26.2,30.8,4684,80.7,51,32.3,99.6,4.5,2.2,11327,77.1,100.4,0,Caribbean,106.4,57.1,8821.8,1.6,0.3,104.1
Cyprus,CY,Asia,https://api-ninjas-data.s3.us-west-2.amazonaws.com/flags/4x3/RrmFBPge/cy.svg,24963,99.9,9251,78.6,7.2,1.3,0.7,99.5,2,6.4,18.7,3939,82.8,82.4,69.6,99.4,3.5,4.1,1207,66.8,101.1,0.8,Western Asia,130.7,84.4,28967.6,1.3,33.3,99.3
Czechia,CZ,Europe,https://api-ninjas-data.s3.us-west-2.amazonaws.com/flags/4x3/zKdBMHpu/cz.svg,245226,97,78868,76.5,1.9,0.6,0.2,103.9,2.6,101.7,34.5,13665,81.8,75.3,53.4,101,2.3,3,10709,73.9,103.1,0.2,Eastern Europe,138.6,80.7,22992.1,1.6,5.7,100.4
Denmark,DK,Europe,https://api-ninjas-data.s3.us-west-2.amazonaws.com/flags/4x3/USQ7lckL/dk.svg,355675,98.9,42921,78.7,4.8,1,0.6,129.8,2.1,31.3,15.3,12749,82.7,93.6,68.4,100.9,3.1,2.4,5792,88,128.4,0.4,Northern Europe,136.5,97.3,61833.7,1.8,47.4,101.6
Djibouti,DJ,Africa,https://api-ninjas-data.s3.us-west-2.amazonaws.com/flags/4x3/fzPc552m/dj.svg,2923,110.7,23200,64.6,10.3,,1.8,52.9,32.4,,0.2,63,68.7,4.6,6,75.1,33.4,5.6,988,77.9,51.2,1.6,Eastern Africa,42.6,55.7,3048.6,2.8,30.1,75.4
Dominica,DM,North America,https://api-ninjas-data.s3.us-west-2.amazonaws.com/flags/4x3/MICJXwW8/dm.svg,551,103,750,73.8,,26.6,0.9,93.8,,,57.8,63,78.2,,,113.2,,2.3,75,70.8,94.7,0.5,Caribbean,100.1,69.6,7691.3,,,116.2
Dominican Republic,DO,North America,https://api-ninjas-data.s3.us-west-2.amazonaws.com/flags/4x3/ggfztdlU/do.svg,81299,99.8,48671,70.7,5.9,10,2.5,83,8.8,21.4,41,6569,77.1,77,43,102.5,25.9,7,10848,81.8,77,1.1,Caribbean,224.5,74.8,7650.1,2.4,28.9,108.8
Ecuador,EC,South America,https://api-ninjas-data.s3.us-west-2.amazonaws.com/flags/4x3/MZTAWuxX/ec.svg,108398,100.1,257217,74,4.2,5.8,1.8,102.8,29.4,34.3,50.5,2535,79.6,48.4,41.5,104.1,13.6,1.4,17643,64,100.1,1.7,South America,71,57.3,6344.9,2.4,420.5,102.4
Egypt,EG,Africa,https://api-ninjas-data.s3.us-west-2.amazonaws.com/flags/4x3/YQGlnnpV/eg.svg,249751,102.1,1002000,69.5,10.1,2.6,2.1,87.3,23.3,209.2,0.1,11196,74.1,35.8,34.6,106.5,15.6,5.3,102334,42.7,88.5,2,Northern Africa,102.8,46.9,2537.5,3.3,319.5,106.1
El Salvador,SV,North America,https://api-ninjas-data.s3.us-west-2.amazonaws.com/flags/4x3/eurVtvP4/sv.svg,26057,88,21041,68.1,4.2,52,1.7,71.4,16,5.7,12.8,1677,77.5,31.1,27.5,93.3,14.6,2.5,6486,72.7,71.9,0.5,Central America,313,33.8,4058.2,2.1,75.3,96.3
Equatorial Guinea,GQ,Africa,https://api-ninjas-data.s3.us-west-2.amazonaws.com/flags/4x3/4a3UW50J/gq.svg,13324,125.3,28052,57.3,6.5,,5.6,22.1,42.5,,55.9,,59.4,,,61.6,66.1,-4.7,1403,72.6,29.9,3.7,Middle Africa,50,26.2,10179.2,4.6,,62
Eritrea,ER,Africa,https://api-ninjas-data.s3.us-west-2.amazonaws.com/flags/4x3/RAlzdC8i/er.svg,6855,100.5,117600,63.6,5.2,,3.6,45.4,60.8,0.6,15,142,68,2.8,3.9,63.1,34.7,4.2,3546,40.7,49.9,1.2,Eastern Africa,35.1,1.3,1985.4,4.1,0.9,73.6
Estonia,EE,Europe,https://api-ninjas-data.s3.us-west-2.amazonaws.com/flags/4x3/zbpCvY59/ee.svg,30747,90,45227,74,5.4,2.1,-0.2,118.9,3.1,16,51.3,3234,82.5,84.8,55.4,97.3,2,4.8,1326,69.1,116.2,0.2,Northern Europe,31.3,89.4,23241.9,1.6,77,97.2
Eswatini,SZ,Africa,https://api-ninjas-data.s3.us-west-2.amazonaws.com/flags/4x3/W0XsoZe8/sz.svg,4711,96.7,17363,55.2,22,11.6,2.6,82.2,12.3,,34.1,782,63.9,6.6,7,110.3,41.4,2.4,1160,24,82.6,1,Southern Africa,67.5,47,4145.7,3,1.8,119.9
Ethiopia,ET,Africa,https://api-ninjas-data.s3.us-west-2.amazonaws.com/flags/4x3/kUPwIikA/et.svg,80292,100.1,1104300,64.1,2.1,8.8,4.9,34.2,65.6,13.1,12.5,849,67.9,5.3,10.9,96.1,37,6.8,114964,21.2,35.6,2.6,Eastern Africa,115,18.6,735.1,4.3,5444.5,105.8
Fiji,FJ,Oceania,https://api-ninjas-data.s3.us-west-2.amazonaws.com/flags/4x3/iU0sdqoO/fj.svg,5537,102.6,18272,65.6,4.1,2.3,1.7,94.3,35.7,,55.7,870,69.1,17.6,14.7,105.2,20.3,3.5,896,56.8,85.7,0.6,Melanesia,49.1,50,6267,2.8,0,107.6
Finland,FI,Europe,https://api-ninjas-data.s3.us-west-2.amazonaws.com/flags/4x3/rEBVw9gM/fi.svg,276878,97.3,338440,78.8,6.7,1.6,0.8,161.5,3.5,42.6,73.1,3224,84.5,95.7,81,99.9,1.7,1.7,5541,85.4,146.8,0.2,Northern Europe,18.2,88.9,50135.7,1.5,35,100.4
France,FR,Europe,https://api-ninjas-data.s3.us-west-2.amazonaws.com/flags/4x3/BCyLfEtS/fr.svg,2778892,93.8,551500,79.4,8.3,1.2,0.8,104.1,2.4,306.1,31,89322,85.4,72.8,58.7,102.2,3,1.7,65274,80.7,103.5,0.3,Western Europe,119.2,82,41358.1,1.9,473.4,102.8
Gabon,GA,Africa,https://api-ninjas-data.s3.us-west-2.amazonaws.com/flags/4x3/yI00VnoF/ga.svg,16994,103.7,267668,64,20.2,,3.9,,32.4,3.4,89.3,269,68.2,,,137.7,35.3,1.2,2226,89.7,,2.7,Middle Africa,8.6,62,8018.8,4,0.7,142.1
Gambia,GM,Africa,https://api-ninjas-data.s3.us-west-2.amazonaws.com/flags/4x3/9I5sWbkI/gm.svg,1633,98.4,11295,60.2,9.1,,4.4,49.1,26.6,,48.2,552,63,2.2,3.2,102.5,44.8,6.5,2417,61.9,51.2,2.9,Western Africa,238.8,19.8,716.1,5.2,4.4,93.6
Georgia,GE,Asia,https://api-ninjas-data.s3.us-west-2.amazonaws.com/flags/4x3/eT9CEXNo/ge.svg,17600,91.1,69700,69.1,14.7,2.2,-0.7,106.8,41.3,8.7,40.6,4757,77.9,68.1,60.2,99.2,9.4,4.8,3989,59,105.3,-0.2,Western Asia,57.4,62.7,4396.7,2.1,287.4,98.1
Germany,DE,Europe,https://api-ninjas-data.s3.us-west-2.amazonaws.com/flags/4x3/h8RrJQRd/de.svg,3949549,97.8,357376,78.7,3,0.9,0.3,95.2,1.2,718.8,32.7,38881,83.6,70.7,69.8,104.2,3.2,1.5,83784,77.4,101.4,0.5,Western Europe,240.4,89.7,47513.7,1.6,1461,103.9
Ghana,GH,Africa,https://api-ninjas-data.s3.us-west-2.amazonaws.com/flags/4x3/fFmk2Z0O/gh.svg,65535,102.8,238537,62.6,4.5,2.1,3.6,64.5,28.5,13.8,41,897,64.7,13.6,17.7,105.6,35.6,6.3,31073,56.7,64.6,2.2,Western Africa,136.6,39,2201.6,3.9,13.4,104.1
Greece,GR,Europe,https://api-ninjas-data.s3.us-west-2.amazonaws.com/flags/4x3/GiMg1SBB/gr.svg,218139,96.4,131957,79.5,15.5,0.9,0.1,101.4,11.7,63.2,31.5,30123,84.5,137,136.2,99.6,2.8,1.9,10423,79.4,107.5,-0.4,Southern Europe,80.9,73,20731.2,1.3,147.1,99.5
Grenada,GD,North America,https://api-ninjas-data.s3.us-west-2.amazonaws.com/flags/4x3/wCsxM9Za/gd.svg,1169,101.5,345,70.1,,10.8,0.5,122.1,,,50,185,75,116.2,93.2,106,15,4.1,112,36.4,118.2,0.5,Caribbean,331,59.1,10485.9,2.1,0,107.7
Guatemala,GT,North America,https://api-ninjas-data.s3.us-west-2.amazonaws.com/flags/4x3/LB7mzDIW/gt.svg,78461,97.1,108889,71,2.5,22.5,2.7,51.4,31.3,15.7,33,1781,76.8,23.6,20,100.5,20.7,3.1,17916,51.4,54,1.9,Central America,167.2,65,4549,2.9,146.8,103.2
Guinea,GN,Africa,https://api-ninjas-data.s3.us-west-2.amazonaws.com/flags/4x3/YVCZJPy8/gn.svg,11640,93.7,245857,60.3,4.3,,3.1,31,61.3,,25.9,99,61.5,7,16.2,82.4,51.6,5.8,13133,36.5,47.5,2.8,Western Africa,53.4,18,937.6,4.7,6.4,100.5
Guinea-Bissau,GW,Africa,https://api-ninjas-data.s3.us-west-2.amazonaws.com/flags/4x3/zzqoWJxs/gw.svg,1459,95.8,36125,55.8,2.5,1.1,3.6,,67.8,,70.1,45,59.7,,,114.5,57.1,3.8,1968,43.8,,2.5,Western Africa,70,3.9,778.4,4.5,1.9,122.9
Guyana,GY,South America,https://api-ninjas-data.s3.us-west-2.amazonaws.com/flags/4x3/KiSuqWmb/gy.svg,3818,101.2,214969,66.7,11.8,14.2,0.4,99.2,16.8,,84,287,72.9,15.4,7.8,96,26.8,3.4,787,26.7,96.3,0.5,South America,4,37.3,4900.8,2.5,36.5,99.6
Haiti,HT,North America,https://api-ninjas-data.s3.us-west-2.amazonaws.com/flags/4x3/jPImCFfy/ht.svg,9287,97.4,27750,61.4,13.9,6.7,3.3,,28.3,3.3,3.5,447,65.7,,,,54.3,1.5,11402,56.2,,1.3,Caribbean,413.7,32.5,834.9,3,3,
Honduras,HN,North America,https://api-ninjas-data.s3.us-west-2.amazonaws.com/flags/4x3/dOphVTAb/hn.svg,23970,99.9,112492,72.7,5.2,38.9,3,55.9,30.1,9.4,41,851,77.3,30.3,22.2,91.5,15,3.7,9905,57.7,48.6,1.7,Central America,88.5,31.7,2500.1,2.5,251.6,91.6
Hungary,HU,Europe,https://api-ninjas-data.s3.us-west-2.amazonaws.com/flags/4x3/s8CR6N45/hu.svg,157883,90.8,93024,73,3.5,2.5,0.2,103.6,4.6,45.8,22.7,17552,80.1,53.9,43.3,100.5,4.1,5.1,9660,71.6,103.4,-0.2,Eastern Europe,106.7,76.1,16264,1.5,6.4,101.1
Iceland,IS,Europe,https://api-ninjas-data.s3.us-west-2.amazonaws.com/flags/4x3/IWguYwsM/is.svg,25882,100.9,103000,81.2,3.2,0.9,0.6,116.9,3.8,2.2,0.5,2344,84.3,94.4,50.6,100.3,1.3,4.6,341,93.9,118.1,0.7,Northern Europe,3.4,99,76867.3,1.8,1.2,100.4
India,IN,Asia,https://api-ninjas-data.s3.us-west-2.amazonaws.com/flags/4x3/Uo1QqQRq/in.svg,2779352,108.2,3287263,68.1,5.4,3.1,2.4,76.6,41.5,2161.6,23.8,17423,70.5,29.1,27.2,121.1,32,6.8,1380004,34.5,73.9,1,Southern Asia,464.1,34.4,2054.8,2.2,206.6,105.6
Indonesia,ID,Asia,https://api-ninjas-data.s3.us-west-2.amazonaws.com/flags/4x3/1iJWRPLs/id.svg,1042173,101.4,1910931,69.3,4.8,0.4,2.6,90,27.7,496.4,48.5,15810,73.6,39,33.8,104.6,18.9,5.2,273524,56,87.8,1.1,South-Eastern Asia,151,39.9,3893.5,2.3,14,108.1
Iran,IR,Asia,https://api-ninjas-data.s3.us-west-2.amazonaws.com/flags/4x3/YokF8sjs/ir.svg,473091,102,1628750,75.3,11.2,2.5,2,84.7,17.8,567.1,6.6,7295,77.6,62.9,73.3,113.9,12.8,-4.8,83993,75.4,87.9,1.4,Southern Asia,51.6,70,5783.5,2.2,979.5,107.7
Iraq,IQ,Asia,https://api-ninjas-data.s3.us-west-2.amazonaws.com/flags/4x3/stAC3ao6/iq.svg,212272,102.5,435052,68.3,12.8,10.1,3.4,46,17.8,139.9,1.9,892,72.4,12,20.1,99.1,24.1,-1,40222,70.7,61.4,2.5,Western Asia,92.6,75,5523.1,3.7,2132.4,117.8
Ireland,IE,Europe,https://api-ninjas-data.s3.us-west-2.amazonaws.com/flags/4x3/lXOV8NsC/ie.svg,382674,98.6,69797,80.4,5.2,0.9,0.6,124.3,4.5,35.7,10.9,10926,83.7,82,73.7,100.7,2.7,8.2,4938,63.4,126.3,1.2,Northern Europe,71.7,84.5,79414.6,1.8,14.4,101
Israel,IL,Asia,https://api-ninjas-data.s3.us-west-2.amazonaws.com/flags/4x3/tXts8DF4/il.svg,370588,99.1,22072,81,3.8,1.5,1.7,106,0.9,63.8,7.6,4121,84.3,74.5,52.8,105.4,2.7,3.4,8656,92.5,104.2,1.6,Western Asia,400,83.7,44214.9,3,55.1,104.4
Italy,IT,Europe,https://api-ninjas-data.s3.us-west-2.amazonaws.com/flags/4x3/QZ9gn3qd/it.svg,2084882,94.9,302073,81,9.8,0.6,0.3,100.9,3.6,321.5,31.6,61567,85.4,71.5,53,100.3,2.6,0.8,60462,70.7,101.6,0,Southern Europe,205.6,74.4,34388.5,1.3,261.4,103.4
Jamaica,JM,North America,https://api-ninjas-data.s3.us-west-2.amazonaws.com/flags/4x3/wbSuV8xB/jm.svg,15714,98.5,10990,72.8,8,43.9,0.8,83.6,15.7,7,31,2473,75.9,34.7,19.9,88.9,11.8,1.9,2961,56,81,0.5,Caribbean,273.4,55.1,5354.3,2,0,93
Japan,JP,Asia,https://api-ninjas-data.s3.us-west-2.amazonaws.com/flags/4x3/eLvO6lyU/jp.svg,4971323,95.4,377930,81.3,2.3,0.3,0,,3.4,1132.4,68.5,31192,87.5,,,,1.8,0.8,126476,91.7,,-0.2,Eastern Asia,346.9,91.3,39082.1,1.4,31.5,
Jordan,JO,Asia,https://api-ninjas-data.s3.us-west-2.amazonaws.com/flags/4x3/Sc3eCUrO/jo.svg,42231,102.6,89318,72.7,14.6,1.4,5.8,64.2,3,25.6,1.1,4150,76.1,37.4,31.5,80.7,14.6,1.9,10203,91.2,62.1,1.9,Western Asia,114.9,66.8,4237.8,2.8,756.1,82.2
Kazakhstan,KZ,Asia,https://api-ninjas-data.s3.us-west-2.amazonaws.com/flags/4x3/KD1EsWA8/kz.svg,179340,94.3,2724902,68.8,4.6,5.1,1.7,113.8,15.4,255.8,1.2,4560,77.4,68.4,55.4,105.3,7.7,4.1,18777,57.5,112.7,1.3,Central Asia,7,78.9,9789.5,2.8,8.9,103.5
Kenya,KE,Africa,https://api-ninjas-data.s3.us-west-2.amazonaws.com/flags/4x3/4vifDnLn/ke.svg,87906,98.8,591958,63.8,2.6,4.9,4.4,53.7,53.8,16.3,7.8,1364,68.5,9.7,13.2,103.4,36.3,6.3,53771,27.5,59.9,2.3,Eastern Africa,94.5,17.8,1710.5,3.5,492.5,103
Kiribati,KI,Oceania,https://api-ninjas-data.s3.us-west-2.amazonaws.com/flags/4x3/7cPqyebx/ki.svg,189,96.8,726,63.9,30.6,7.5,3.5,91.4,22.1,,15,7,72,,,104.9,43,2.3,119,54.8,82.7,1.5,Micronesia,147.5,14.6,1627.4,3.6,,97.9
Kuwait,KW,Asia,https://api-ninjas-data.s3.us-west-2.amazonaws.com/flags/4x3/17MJgdRq/kw.svg,141698,157.9,17818,74.6,2.3,1.8,5.4,101,2,89.4,0.4,8508,76.4,76.1,35.8,97.2,7.1,1.2,4271,100,94.9,2.1,Western Asia,239.7,99.6,34248.8,2.1,93.7,88.1
Kyrgyzstan,KG,Asia,https://api-ninjas-data.s3.us-west-2.amazonaws.com/flags/4x3/Mv2UasIM/kg.svg,8093,97.9,199949,67.2,6.6,2.2,1.8,95,20.4,8.9,3.3,6947,75.4,46.7,36,107.2,15.5,3.5,6524,36.6,95.1,1.8,Central Asia,34,38,1283.8,3,0.6,107.9
Laos,LA,Asia,https://api-ninjas-data.s3.us-west-2.amazonaws.com/flags/4x3/VpzxRIFs/la.svg,,,,,,,,,,,,,,,,,,,,,,,,,,,,,
Latvia,LV,Europe,https://api-ninjas-data.s3.us-west-2.amazonaws.com/flags/4x3/UQgincFI/lv.svg,34426,85.5,64573,69.9,6.5,4.4,-1.2,110.2,6.5,6.7,54,1946,79.8,105.1,72,99.5,3.3,4.6,1886,68.2,111.3,-1.1,Northern Europe,30.3,83.6,17851.6,1.7,225.5,99.3
Lebanon,LB,Asia,https://api-ninjas-data.s3.us-west-2.amazonaws.com/flags/4x3/oDQVMArT/lb.svg,56409,101.4,10452,77,6.3,2.5,6.2,,13.4,26.9,13.4,1964,80.8,,,,9.4,0.2,6825,88.8,,0.9,Western Asia,667.2,78.2,8223.7,2.1,949.6,
Lesotho,LS,Africa,https://api-ninjas-data.s3.us-west-2.amazonaws.com/flags/4x3/OzLT6c2U/ls.svg,2631,97.4,30355,50.4,22.8,43.6,2.9,71.3,8.4,,1.6,1173,56.8,12.4,8,117.8,62.3,1.2,2142,28.6,52.8,0.8,Southern Africa,70.6,29,1248,3.2,0.1,124.1
Liberia,LR,Africa,https://api-ninjas-data.s3.us-west-2.amazonaws.com/flags/4x3/PQvZmsxZ/lr.svg,2122,101.1,111369,62.2,2.7,3.3,3.4,32.9,43,,43.4,,65,9.2,14.7,84.7,54.1,1.2,5058,51.6,42.8,2.5,Western Africa,52.5,8,440.3,4.4,8.8,85.5
Libya,LY,Africa,https://api-ninjas-data.s3.us-west-2.amazonaws.com/flags/4x3/fIWX6UoQ/ly.svg,34377,101.9,1676198,69.9,18.6,,0.5,106,18.8,41.5,0.1,34,75.7,,,106.6,10.5,17.9,6871,80.4,90.2,1.4,Northern Africa,3.9,21.8,5147.3,2.2,321.4,111.3
Liechtenstein,LI,Europe,https://api-ninjas-data.s3.us-west-2.amazonaws.com/flags/4x3/na5ZoU0r/li.svg,6796,98.4,160,,2.6,2.6,0.5,105.1,,,43.1,85,,27.4,43.6,102.9,,2,39,14.4,129.1,0.7,Western Europe,241.5,98.1,179258.2,1.5,0.2,106.3
Lithuania,LT,Europe,https://api-ninjas-data.s3.us-west-2.amazonaws.com/flags/4x3/kT8luvar/lt.svg,53455,86.2,65286,70,6.3,4.6,-1.1,106,6.6,10.8,34.8,2825,81.1,84,61.4,103.9,4,3.6,2722,67.9,110.6,-1.5,Northern Europe,43.4,79.7,19082.5,1.7,5.1,103.9
Luxembourg,LU,Europe,https://api-ninjas-data.s3.us-west-2.amazonaws.com/flags/4x3/GioAroeV/lu.svg,70920,102.3,2586,79.8,5.2,0.3,2.6,104.8,1,8.6,35.7,1018,84.2,20.1,18.2,102,2.9,3.1,626,91.2,102.6,2,Western Europe,241.7,97.1,117369.5,1.4,5.7,102.6
Madagascar,MG,Africa,,13851,99.6,587295,64.9,1.8,,4.7,37.1,63.8,,21.4,291,68.1,5.2,5.5,143.1,29,4.6,27691,37.9,36,2.7,Eastern Africa,47.6,9.8,527.4,4.1,0.2,142
Malawi,MW,Africa,https://api-ninjas-data.s3.us-west-2.amazonaws.com/flags/4x3/Qz9UQ53m/mw.svg,7196,97.3,118484,60.3,5.7,1.8,3.9,39.9,43.2,,33.4,871,66.6,0.6,1,143.1,41.3,4,19130,17.2,40.6,2.7,Eastern Africa,202.9,13.8,396.6,4.2,39.3,141.8
Malaysia,MY,Asia,https://api-ninjas-data.s3.us-west-2.amazonaws.com/flags/4x3/LTNgejiP/my.svg,358579,105.7,330323,74,3.4,2.1,2.7,85.4,10.1,211,67.6,25832,78.1,49.9,40.7,106,5.9,4.7,32366,76.6,78.8,1.3,South-Eastern Asia,98.5,81.2,11373.3,2,266.5,104.6
Maldives,MV,Asia,https://api-ninjas-data.s3.us-west-2.amazonaws.com/flags/4x3/UaCn6swN/mv.svg,5327,173.5,300,77.1,6.4,0.7,3.9,,8.2,,3.3,1484,80.4,59.8,16.6,98.1,6.8,6.9,540,40.2,,3.4,Southern Asia,1801.8,63.2,10330.6,1.9,,96.2
Mali,ML,Africa,https://api-ninjas-data.s3.us-west-2.amazonaws.com/flags/4x3/Rvhe4kKU/ml.svg,17172,100.4,1240192,58,7.3,,5,37,62.3,,3.9,193,59.5,2.7,6.3,71.6,65.8,6.7,20251,43.1,45,3,Western Africa,16.6,13,900.1,5.9,182.9,79.5
Malta,MT,Europe,https://api-ninjas-data.s3.us-west-2.amazonaws.com/flags/4x3/bFP7gtyo/mt.svg,14549,100.6,315,80.4,3.4,1.6,0.6,104.7,0.9,1.5,1.1,2599,84.1,63.2,46,105.1,5,6.6,442,94.7,104.8,0.4,Southern Europe,1379.8,81.7,33122.8,1.4,10.7,104.9
Marshall Islands,MH,Oceania,https://api-ninjas-data.s3.us-west-2.amazonaws.com/flags/4x3/VYStgYfe/mh.svg,214,104.5,181,71.3,4.7,,0.8,66.6,11,,70.2,7,72.5,23.8,23.5,84.6,25.4,2.6,53,77.4,62.4,0.1,Micronesia,295.8,38.7,3666.9,4.1,,84.9
Mauritania,MR,Africa,https://api-ninjas-data.s3.us-west-2.amazonaws.com/flags/4x3/5EQ4AXsh/mr.svg,7620,100.9,1030700,63,9.6,,4.8,37.1,50.6,,0.2,,66.2,3.3,6.6,102.8,53.4,3.6,4650,54.5,36.5,2.8,Western Africa,4.5,20.8,1730.4,4.6,87.3,97.1
Mauritius,MU,Africa,https://api-ninjas-data.s3.us-west-2.amazonaws.com/flags/4x3/wyNRfYgY/mu.svg,14220,97.4,1969,71.4,6.7,2.9,-0.1,97.8,5.9,4.2,19,1399,78.2,47.5,33.9,102.5,11.2,3.8,1272,40.8,92.5,0.2,Eastern Africa,626.5,58.6,11222,1.4,0,99.8
Mexico,MX,North America,https://api-ninjas-data.s3.us-west-2.amazonaws.com/flags/4x3/INqJEDmp/mx.svg,1223401,95.8,1964375,72.1,3.6,29.1,1.8,108.2,12.4,446,34,41313,77.8,40.6,39.8,106,13.5,2,128933,80.4,100.7,1.1,Central America,66.3,65.8,9694.9,2.1,302.1,105.5
Micronesia,FM,Oceania,https://api-ninjas-data.s3.us-west-2.amazonaws.com/flags/4x3/jBP0PjOa/fm.svg,371,103.4,702,66.1,,,0.3,86.6,,,91.8,19,69.4,,,96,23.5,1.4,115,22.8,79.9,1.1,Micronesia,164.3,35.3,3296.4,3.1,0,98.3
Moldova,MD,Europe,https://api-ninjas-data.s3.us-west-2.amazonaws.com/flags/4x3/mzkYjkMT/md.svg,11309,91.9,33846,67.4,5.4,4.1,-0.2,86.5,35.4,7.5,12.4,160,75.9,45.7,34.2,90.6,12.4,2.8,4034,42.7,87.3,-0.2,Eastern Europe,122.8,76.1,2791,1.3,4.2,90.6
Monaco,MC,Europe,https://api-ninjas-data.s3.us-west-2.amazonaws.com/flags/4x3/pyFsCbRT/mc.svg,7188,94.7,2,,,0,0.6,,,,,347,,,,,,6.1,39,100,,0.5,Western Europe,26373.8,97.1,185835,,0,
Mongolia,MN,Asia,https://api-ninjas-data.s3.us-west-2.amazonaws.com/flags/4x3/i875qQyF/mn.svg,13010,97.1,1564116,65.5,6,6.2,2.1,94.8,26.9,19.3,8.1,529,73.8,76.7,54.7,102.8,18.1,6.7,3278,68.5,88.3,1.8,Eastern Asia,2.1,47.2,4103.7,2.9,0.1,105.3
Montenegro,ME,Europe,https://api-ninjas-data.s3.us-west-2.amazonaws.com/flags/4x3/fJtsU9ef/me.svg,5507,97.8,13812,74.2,14.8,2.2,0.6,90.5,7.8,2.2,61.5,2077,79.1,64.9,47.9,97.6,2.8,5.1,628,67.2,89.3,0,Southern Europe,46.7,71.5,8771.7,1.8,13.6,102.2
Morocco,MA,Africa,https://api-ninjas-data.s3.us-west-2.amazonaws.com/flags/4x3/lKFyDL8C/ma.svg,117921,98.5,446550,75.1,9,1.4,2.4,76.6,34.1,58.1,12.6,12289,77.5,35.7,36.2,111.5,19.9,3.7,36911,63,83.7,1.3,Northern Africa,82.7,64.8,3272.9,2.4,9.1,116.1
Mozambique,MZ,Africa,https://api-ninjas-data.s3.us-west-2.amazonaws.com/flags/4x3/lMFXx1BN/mz.svg,14717,94.5,799380,57,3.2,3.5,4.5,33.4,69.9,7.6,48.2,2743,62.8,6.5,8.1,108.4,53.9,3.4,31255,36.5,37.4,2.9,Eastern Africa,39.7,10,498.9,4.9,25.1,116.8
Myanmar (Burma),MM,Asia,https://api-ninjas-data.s3.us-west-2.amazonaws.com/flags/4x3/l6bxGYnU/mm.svg,,,,,,,,,,,,,,,,,,,,,,,,,,,,,
Namibia,,Africa,,14519,94.1,824116,60,20.6,17.7,4.6,70,21.8,4,8.4,1499,65.8,30.3,15.3,122.1,33.4,-0.1,2541,51,61.5,1.9,Southern Africa,3.1,51,5930.1,3.4,4.3,126.4
Nauru,NR,Oceania,https://api-ninjas-data.s3.us-west-2.amazonaws.com/flags/4x3/XErDNIhY/nr.svg,127,101.9,21,57.8,23,,2.3,83.6,,,0,,64.8,,,123.2,18,-4,11,100,81.9,-0.1,Micronesia,561.4,57,11875.9,3.9,1.2,129.7
Nepal,NP,Asia,https://api-ninjas-data.s3.us-west-2.amazonaws.com/flags/4x3/watCqtle/np.svg,27830,84.5,147181,68.8,1.5,2.3,3.2,83,64.5,10.1,25.4,1173,71.7,12.8,12,143.5,27.9,6.7,29137,20.2,77.4,1.5,Southern Asia,203.3,34,990.6,1.9,19.3,140.8
Netherlands,NL,Europe,https://api-ninjas-data.s3.us-west-2.amazonaws.com/flags/4x3/MZLbbJUC/nl.svg,914105,99.3,41542,80.3,3,0.6,1,136.5,2,155.6,11.2,18780,83.8,90.9,79.3,104.2,2.5,2.6,17135,91.9,134.7,0.2,Western Europe,508.2,94.7,53583.1,1.7,109.1,104.2
New Zealand,NZ,Oceania,https://api-ninjas-data.s3.us-west-2.amazonaws.com/flags/4x3/x6rOHCxa/nz.svg,207921,96.7,268107,80.3,4,0.7,1.1,118.2,5.6,32.2,38.6,3686,83.8,97.2,67.9,100.2,3.8,2.8,4822,86.6,111.1,0.9,Oceania,18.3,90.8,43836.2,1.9,2.6,99.8
Nicaragua,NI,North America,https://api-ninjas-data.s3.us-west-2.amazonaws.com/flags/4x3/383NJhFO/ni.svg,13118,97.2,130373,70.6,7.4,7.2,1.5,78,30.6,5.1,25.9,1256,77.7,,,120.1,16.8,-3.8,6625,58.8,69.1,1.2,Central America,55,27.9,2028.9,2.4,0.8,121.1
Niger,NE,Africa,https://api-ninjas-data.s3.us-west-2.amazonaws.com/flags/4x3/cwWZQFuA/ne.svg,421821,102.8,923768,53.3,8,34.5,4.6,39.8,34.7,86,7.7,1889,55.1,8.3,12,82.2,62.1,1.9,206140,51.2,44.1,2.6,Western Africa,226.3,42,2153.5,5.4,2211.1,87.2
Nigeria,NG,Africa,https://api-ninjas-data.s3.us-west-2.amazonaws.com/flags/4x3/q5UAJTJY/ng.svg,421821,102.8,923768,53.3,8,34.5,4.6,39.8,34.7,86,7.7,1889,55.1,8.3,12,82.2,62.1,1.9,206140,51.2,44.1,2.6,Western Africa,226.3,42,2153.5,5.4,2211.1,87.2
North Korea,KP,Asia,https://api-ninjas-data.s3.us-west-2.amazonaws.com/flags/4x3/rYPpNAL9/kp.svg,,,,,,,,,,,,,,,,,,,,,,,,,,,,,
North Macedonia,MK,Europe,https://api-ninjas-data.s3.us-west-2.amazonaws.com/flags/4x3/7vFORxIV/mk.svg,12629,100.1,25713,73.6,16.4,1.2,0.2,80.3,15.1,7.4,39.6,707,77.6,48.6,36.7,97.1,10.7,3.3,2083,58.2,82.5,0,Southern Europe,82.6,79.2,6062.9,1.5,17.6,97.2
Norway,NO,Europe,https://api-ninjas-data.s3.us-west-2.amazonaws.com/flags/4x3/2ZwxPABO/no.svg,434167,102.2,386194,80.2,3.3,0.5,1.7,114.2,2,34.8,33.2,5688,84.2,98.7,66.3,100.2,2.1,1.3,5421,82.6,119.4,0.8,Northern Europe,14.8,96.5,81335.7,1.7,59.9,100.3
Oman,OM,Asia,https://api-ninjas-data.s3.us-west-2.amazonaws.com/flags/4x3/L5bTn7tw/om.svg,92111,194.1,309500,75.8,2.6,0.3,8,102.5,4.4,65.5,0,2301,80,55.6,26.4,108.6,7.3,2.1,5107,85.4,111,3.6,Western Asia,16.5,80.2,19072.8,2.9,0.6,98.6
Pakistan,PK,Asia,https://api-ninjas-data.s3.us-west-2.amazonaws.com/flags/4x3/zeDyYd2m/pk.svg,282346,106,796095,66.1,4.4,3.9,2.7,39.1,35.9,183.4,1.9,966,68,8.3,9.6,86.1,61.3,5.4,220892,36.9,45.9,2,Southern Asia,286.5,15.5,1330.4,3.6,1518.4,102
Palau,PW,Oceania,https://api-ninjas-data.s3.us-west-2.amazonaws.com/flags/4x3/0ea9Q50r/pw.svg,284,113.3,459,68.1,4.2,11.2,1.7,122.9,2.4,,87.6,106,77.8,66.4,43.9,105.2,13.3,1.7,22,80.5,110.8,1.1,Micronesia,48.8,,15859.4,2.2,0,119.6
Palestine State,PS,Asia,https://api-ninjas-data.s3.us-west-2.amazonaws.com/flags/4x3/3sYX8uhd/ps.svg,,,,,,,,,,,,,,,,,,,,,,,,,,,,,
Panama,PA,North America,https://api-ninjas-data.s3.us-west-2.amazonaws.com/flags/4x3/XiG38CPD/pa.svg,65055,100.2,75320,75.1,3.8,9.4,2.2,78.3,13.7,9.6,62.3,1785,81.5,58.6,37.3,93.4,14.1,3.7,4315,68.1,74.1,1.7,Central America,58,57.9,15575.1,2.5,113.5,95.4
Papua New Guinea,PG,Oceania,https://api-ninjas-data.s3.us-west-2.amazonaws.com/flags/4x3/EVBhMrb3/pg.svg,23077,104.3,462840,62.9,2.5,9.8,2.2,39.9,57.8,,74.1,140,65.4,,,103.6,41.9,0,8947,13.2,54.7,2,Melanesia,19.8,11.2,2681.4,3.6,9.9,113.2
Paraguay,PY,South America,https://api-ninjas-data.s3.us-west-2.amazonaws.com/flags/4x3/uvs0CBio/py.svg,40307,103.3,406752,72.1,4.8,7.1,1.8,78.6,19.9,7.7,38.6,1181,76.2,40.9,28.6,103,19,4,7132,61.9,73.3,1.3,South America,18,65,5794.6,2.4,4.3,105.7
Peru,PE,South America,https://api-ninjas-data.s3.us-west-2.amazonaws.com/flags/4x3/2gf9xUn8/pe.svg,222237,98.7,1285216,73.7,3.2,7.9,1.6,103.6,27.2,49.7,57.8,4419,79.2,72.7,68.7,105.1,12.8,4,32972,78.1,109.3,1.6,South America,25.8,52.5,6947.3,2.3,860.1,108.8
Philippines,PH,Asia,https://api-ninjas-data.s3.us-west-2.amazonaws.com/flags/4x3/QFVJSBdT/ph.svg,330910,100.9,300000,67.1,2.2,6.5,2.1,90.6,22.5,126.5,27,7168,75.3,40.4,30.8,105.5,19.7,6.2,109581,47.1,82,1.4,South-Eastern Asia,367.5,60.1,3102.7,2.6,226.8,109.4
Poland,PL,Europe,https://api-ninjas-data.s3.us-west-2.amazonaws.com/flags/4x3/6iDkdYLV/pl.svg,585661,94,312679,74.5,3,0.7,-0.2,108.1,8.9,305.8,30.8,19622,82.4,81.9,54.4,100,3.3,5.1,37847,60,111.7,-0.1,Eastern Europe,123.6,77.5,15444,1.4,26.5,100
Portugal,PT,Europe,https://api-ninjas-data.s3.us-west-2.amazonaws.com/flags/4x3/40CJbKsI/pt.svg,240792,89.8,92226,78.7,5.9,0.8,0.5,118.7,5.7,50.8,34.7,16186,84.6,67.7,60.1,104.4,3,2.4,10197,65.8,121.1,-0.3,Southern Europe,111.3,74.7,23477.7,1.3,3,107.9
Qatar,QA,Asia,https://api-ninjas-data.s3.us-west-2.amazonaws.com/flags/4x3/fdVoiWqL/qa.svg,191362,302.4,11607,78.9,0.1,0.4,6.7,102.7,1.2,80.1,0,1819,81.8,54.9,7,104.4,6.3,1.5,2881,99.2,108.3,2.3,Western Asia,248.2,99.7,68793.7,1.9,1.5,103.3
Romania,RO,Europe,https://api-ninjas-data.s3.us-west-2.amazonaws.com/flags/4x3/PZyj9S6N/ro.svg,239552,94.6,238391,72.4,3.9,1.3,-0.5,91.4,21.3,70.8,29.8,11720,79.3,55.4,43.8,84.6,6.7,4,19238,54.1,91.1,-0.7,Eastern Europe,83.6,70.7,12280.8,1.6,4.8,85.7
Russia,RU,Europe,https://api-ninjas-data.s3.us-west-2.amazonaws.com/flags/4x3/FBZtunmE/ru.svg,1660514,86.4,17098246,66.8,4.4,8.2,0.2,102.1,5.6,1536.9,49.8,24551,77.5,89.1,75,102.3,5.8,2.3,145934,74.6,104.7,0.1,Eastern Europe,8.9,80.9,11394.1,1.8,135.5,102.8
Rwanda,RW,Africa,https://api-ninjas-data.s3.us-west-2.amazonaws.com/flags/4x3/0QBKgABb/rw.svg,9510,96.7,26338,66.3,1,2.6,2.6,43.3,61.7,,19.5,932,70.5,6,7.5,132.1,29.2,8.6,12952,17.3,38.5,2.6,Eastern Africa,525,21.8,773,4.1,150.1,134
Saint Kitts and Nevis,KN,North America,https://api-ninjas-data.s3.us-west-2.amazonaws.com/flags/4x3/WFNy0UfL/kn.svg,1011,97,261,,,36.1,0.8,108.7,,,42.3,125,,115.9,57.7,107.1,,2.9,57,30.8,105.1,0.9,Caribbean,218.5,80.7,19275.4,,0,110.4
Saint Lucia,LC,North America,https://api-ninjas-data.s3.us-west-2.amazonaws.com/flags/4x3/x0zqw5bl/lc.svg,1922,97,539,74.7,20.2,21.4,0.6,89.4,17,,33.3,395,77.4,18.7,9.4,103.2,12.5,0.9,184,18.8,89.3,0.5,Caribbean,301,50.8,10566,1.4,0,102.1
Saint Vincent and the Grenadines,VC,North America,https://api-ninjas-data.s3.us-west-2.amazonaws.com/flags/4x3/7KurvnPU/vc.svg,811,102.7,389,70.1,18.9,36.5,0.8,108.7,10.5,,69.2,80,74.9,29.8,17.8,112.7,14.6,2.2,111,52.6,105.9,0.3,Caribbean,284.5,22.4,7361.3,1.9,,114.1
Samoa,WS,Oceania,https://api-ninjas-data.s3.us-west-2.amazonaws.com/flags/4x3/vlVnJJ3u/ws.svg,833,107.3,2842,71.1,8.4,3.1,-0.4,98,29.9,,60.4,164,75.2,,,110.4,13.4,0.7,198,18.1,88.8,0.5,Polynesia,70.1,33.6,4249.6,3.9,0,110.6
San Marino,SM,Europe,https://api-ninjas-data.s3.us-west-2.amazonaws.com/flags/4x3/FPwSgXxy/sm.svg,1638,94.9,61,81.7,6.6,0,1.4,63.8,0.3,,0,84,86.4,36,48.6,116.9,,1.1,34,97.4,71.5,0.5,Southern Europe,563.5,60.2,48472.7,,,100.4
Sao Tome and Principe,ST,Africa,https://api-ninjas-data.s3.us-west-2.amazonaws.com/flags/4x3/hhZX6m29/st.svg,411,100.2,964,67.7,13.7,3.3,3.8,95.9,18.7,,55.8,33,72.4,13.7,13.1,105,26.4,2.2,219,73.6,82.9,1.9,Middle Africa,228.3,29.9,1948.1,4.4,,108.5
Saudi Arabia,SA,Asia,https://api-ninjas-data.s3.us-west-2.amazonaws.com/flags/4x3/76nygKQD/sa.svg,782483,137.1,2206714,73.7,5.9,1.3,3.1,106.8,2.3,532.2,0.5,15334,76.5,69.9,66.3,100.3,6.3,2.2,34814,84.1,113.2,1.9,Western Asia,16.2,93.3,23217.2,2.3,72.5,99.2
Senegal,SN,Africa,https://api-ninjas-data.s3.us-west-2.amazonaws.com/flags/4x3/PRQBs36c/sn.svg,23809,95.3,196712,65.3,6.7,0.3,3.9,45.7,29.4,8.3,43,1365,69.4,10.3,15.2,86.1,32.7,6.8,16744,47.7,41.7,2.8,Western Africa,87,46,1501.7,4.6,16.2,75.9
Serbia,RS,Europe,https://api-ninjas-data.s3.us-west-2.amazonaws.com/flags/4x3/fZKE3dCb/rs.svg,50597,96,88499,73.2,12.7,1.2,-0.1,95.6,15.1,46.1,31.1,1711,78.4,78.3,56.7,100.3,4.9,4.4,8737,56.3,94.6,-0.3,Southern Europe,99.9,73.4,7208.8,1.5,250.7,100.3
Seychelles,SC,Africa,https://api-ninjas-data.s3.us-west-2.amazonaws.com/flags/4x3/5dpmuRI1/sc.svg,1590,105.3,457,69.8,4.1,12.5,1.3,84.2,3.6,,88.4,362,77.3,23.3,11.2,103.3,10.9,7.9,98,57.1,78.8,0.7,Eastern Africa,213.8,58.8,16377.9,2.5,0,97.6
Sierra Leone,SL,Africa,https://api-ninjas-data.s3.us-west-2.amazonaws.com/flags/4x3/gEHlUfL0/sl.svg,4101,99.6,72300,53.2,4.4,1.7,3.3,41.1,54.4,,42.2,57,54.8,,,114.7,80.8,4.6,7977,42.5,42.5,2.1,Western Africa,110.5,9,536.1,4.3,0.4,110.8
Singapore,SG,Asia,https://api-ninjas-data.s3.us-west-2.amazonaws.com/flags/4x3/osraTPQq/sg.svg,361115,109.8,719,81.2,4.4,0.2,1.7,107,0.7,47.4,23.1,14673,85.5,91.2,78.9,100.6,1.6,3.2,5850,100,108.1,0.9,South-Eastern Asia,8357.6,88.2,62720.9,1.2,1.3,100.7
Slovakia,SK,Europe,https://api-ninjas-data.s3.us-west-2.amazonaws.com/flags/4x3/vbJ55Eke/sk.svg,105956,94.9,49035,73.7,5.1,1.1,-0.2,91.6,2.1,32.2,40.3,2256,80.8,56.6,37.1,98.4,4.8,4,5460,53.7,90.5,0.1,Eastern Europe,113.5,80.7,19430.8,1.5,2.5,99
Slovenia,SI,Europe,https://api-ninjas-data.s3.us-west-2.amazonaws.com/flags/4x3/w2CHeUnA/si.svg,54034,99.2,20273,78.2,3.8,0.5,0.7,117.1,5.1,13.4,62,4425,83.8,93,64.9,100.6,1.9,4.1,2079,54.8,114.2,0.1,Southern Europe,103.2,79.8,26005.1,1.6,1.2,100.2
Solomon Islands,SB,Oceania,https://api-ninjas-data.s3.us-west-2.amazonaws.com/flags/4x3/AgH8LYE1/sb.svg,1271,103.4,28896,71.1,0.5,3.8,4.3,47,37.1,,78.1,28,74.6,,,106,15.5,3.9,687,24.2,49.5,2.6,Melanesia,24.5,11.9,1946.9,4.4,0,106.4
Somalia,SO,Africa,https://api-ninjas-data.s3.us-west-2.amazonaws.com/flags/4x3/taM27ICB/so.svg,1494,99.4,637657,55.3,11.4,,4.8,3.7,83,,10.1,,58.7,,,16.6,69.3,3.1,15893,45.6,8.1,2.8,Eastern Africa,25.3,2,99.6,6.1,2694.7,30.1
South Africa,ZA,Africa,https://api-ninjas-data.s3.us-west-2.amazonaws.com/flags/4x3/Yjna4Rgq/za.svg,368094,97.1,1221037,60.2,28.5,36.4,2.2,109,5,421.7,7.6,10472,67.1,26.4,18.4,99.1,27.2,0.8,59309,66.9,100.4,1.4,Southern Africa,48.9,56.2,6369.2,2.4,273.5,102.6
South Korea,KR,Asia,https://api-ninjas-data.s3.us-west-2.amazonaws.com/flags/4x3/QeTud6pX/kr.svg,,,,,,,,,,,,,,,,,,,,,,,,,,,,,
South Sudan,SS,Africa,https://api-ninjas-data.s3.us-west-2.amazonaws.com/flags/4x3/IvJ3bHuf/ss.svg,8207,100.2,658841,56,12.3,14.9,4.4,7.7,56.1,1.5,,,58.9,,,60.4,64.4,3.4,11194,19.9,14.3,0.9,Eastern Africa,18.3,8,747.7,4.7,2189.6,85.3
Spain,ES,Europe,https://api-ninjas-data.s3.us-west-2.amazonaws.com/flags/4x3/oQjOzYrz/es.svg,1419735,96.6,505944,80.6,13,0.6,0.1,126.9,4,253.4,36.9,82773,86,97,81.1,103.6,2.3,2.4,46755,80.6,125.2,0,Southern Europe,93.7,86.1,30405.8,1.3,149.1,101.9
Sri Lanka,LK,Asia,https://api-ninjas-data.s3.us-west-2.amazonaws.com/flags/4x3/Z6Lkky6h/lk.svg,88942,92.1,65610,73.3,4.2,2.4,0.5,102.6,23.7,23.1,33,2334,80,23.4,15.8,99.6,7.6,3.2,21413,18.6,98,0.5,Southern Asia,341.5,34.1,4189.7,2.2,37.6,100.7
Sudan,SD,Africa,https://api-ninjas-data.s3.us-west-2.amazonaws.com/flags/4x3/3DLxhwBE/sd.svg,50515,99.8,,63.1,16.6,5.1,2.8,47,39.7,18.8,,836,66.8,17.1,16.8,74.4,42.9,-2.3,43849,34.9,46.3,2.4,Northern Africa,24.8,30.9,1208.4,4.4,2974.1,79.2
Suriname,SR,South America,https://api-ninjas-data.s3.us-west-2.amazonaws.com/flags/4x3/CmCmdIEk/sr.svg,3458,101,163820,68.3,7.5,5.4,0.9,88.6,7.4,1.9,98.3,278,74.8,,,108.7,17.5,2.6,587,66.1,67.1,1,South America,3.8,48.9,6003.7,2.4,0.4,109
Sweden,SE,Europe,https://api-ninjas-data.s3.us-west-2.amazonaws.com/flags/4x3/YZPABexP/se.svg,556086,100.4,438574,80.8,6.7,1.1,1.1,157.9,1.6,37.6,68.9,7440,84.4,82.1,52.7,127.4,2,2.2,10099,87.7,148.1,0.7,Northern Europe,24.6,92.1,55766.8,1.8,310.4,125.8
Switzerland,CH,Europe,https://api-ninjas-data.s3.us-west-2.amazonaws.com/flags/4x3/7rJhJDOq/ch.svg,705141,98.5,41291,81.6,4.8,0.6,1.2,100.2,2.9,37.1,31.7,10362,85.4,60.3,58.8,104.8,3.4,2.8,8655,73.8,104.7,0.8,Western Europe,219,89.7,82708.5,1.5,120.1,105.5
Syria,SY,Asia,https://api-ninjas-data.s3.us-west-2.amazonaws.com/flags/4x3/Fz44YDa4/sy.svg,16628,100.2,185180,65.9,8.4,0.9,-3.6,52.4,10.5,23,2.7,5070,77.7,42.8,37.5,80.2,15.5,2.4,17501,54.8,52.7,-0.6,Western Asia,95.3,34.3,981.3,2.8,6386.7,83.1
Taiwan,TW,Asia,https://api-ninjas-data.s3.us-west-2.amazonaws.com/flags/4x3/KKy8ByXU/tw.svg,,,,,,,,,,,,,,,,,,,,,,,,,,,,,
Tajikistan,TJ,Asia,https://api-ninjas-data.s3.us-west-2.amazonaws.com/flags/4x3/Z7DOIiG1/tj.svg,7523,101.6,142600,68.6,11,1.6,2.4,83.8,44.2,5.8,3,1035,73,26.9,35.5,100.3,29.3,7.1,9538,27.3,93,2.4,Central Asia,68.1,22,826.6,3.6,11.3,101.4
Tanzania,TZ,Africa,https://api-ninjas-data.s3.us-west-2.amazonaws.com/flags/4x3/VADyJ1oa/tz.svg,57145,99.9,947303,63,2,6.5,5.5,30.1,64.9,10.1,52,1378,66.6,2.8,5.2,95.4,41.2,7,59734,34.5,28.8,3,Eastern Africa,67.4,25,1044.1,4.9,320.3,93
Thailand,TH,Asia,https://api-ninjas-data.s3.us-west-2.amazonaws.com/flags/4x3/EvBqhszr/th.svg,504992,94.8,513120,73.1,0.8,2.6,2.1,116.5,31.2,244.3,32.1,38178,80.6,57.8,41,99.8,7.8,4.1,69800,50.7,118.9,0.3,South-Eastern Asia,136.6,56.8,7273.6,1.5,576.9,99.8
Timor-Leste,TL,Asia,https://api-ninjas-data.s3.us-west-2.amazonaws.com/flags/4x3/TYPqwy8Y/tl.svg,2581,102.2,14919,67.2,4.6,4.1,3.5,87,43.7,,46.1,75,71.3,14.8,20.6,113.2,37.3,2.8,1318,30.9,80.3,1.9,South-Eastern Asia,88.7,27.5,2035.5,4.1,0,117.3
Togo,TG,Africa,https://api-ninjas-data.s3.us-west-2.amazonaws.com/flags/4x3/D9RNzM99/tg.svg,5165,99,56785,59.7,2,,4,52.1,37.2,2.1,3.5,573,61.4,9.8,19.2,121.5,49.7,4.9,8279,42.2,71.6,2.5,Western Africa,152.2,12.4,654.8,4.4,13,126
Tonga,TO,Oceania,https://api-ninjas-data.s3.us-west-2.amazonaws.com/flags/4x3/2h2PJGWa/to.svg,504,100.2,747,68.8,1.2,1,0.3,102.4,23.7,,12.5,54,72.7,,,116,12.5,-0.4,106,23.1,99.4,1,Polynesia,146.8,41.2,4885.8,3.6,0,116.7
Trinidad and Tobago,TT,North America,https://api-ninjas-data.s3.us-west-2.amazonaws.com/flags/4x3/HmiJpAEG/tt.svg,23808,97.5,5127,70.7,2.8,30.6,0.2,,2.9,18,45.7,375,76,,,104.4,22,-0.2,1400,53.2,,0.4,Caribbean,272.8,77.3,17130.3,1.7,43,108
Tunisia,TN,Africa,https://api-ninjas-data.s3.us-west-2.amazonaws.com/flags/4x3/QrrQCHce/tn.svg,39895,98.4,163610,74.4,16.2,3.1,1.6,99.3,12.7,26.2,6.7,8299,78.5,41.2,22.8,114.9,12.7,2.5,11819,69.3,86.9,1.1,Northern Africa,76.1,64.2,3449.6,2.2,2,115.9
Turkey,TR,Asia,https://api-ninjas-data.s3.us-west-2.amazonaws.com/flags/4x3/e4npYllN/tr.svg,771355,97.5,783562,74.3,12.9,2.6,2.4,103.4,18,378.6,15.2,45768,80.2,,,92.7,8.9,2.8,84339,75.6,108.5,1.4,Western Asia,109.6,71,9367.9,2.1,3940.1,93.6
Turkmenistan,TM,Asia,https://api-ninjas-data.s3.us-west-2.amazonaws.com/flags/4x3/2T6BZbMk/tm.svg,40749,97,488100,64.5,4.1,4.2,2.5,84,19.5,69,8.8,8,71.5,6.2,9.7,87.5,43.3,6.2,6031,52,87.6,1.6,Central Asia,12.8,21.3,6964.6,2.8,5.2,89.2
Tuvalu,TV,Oceania,https://api-ninjas-data.s3.us-west-2.amazonaws.com/flags/4x3/jwHfHbyP/tv.svg,46,102,26,67.4,6.5,18.6,2.6,71.2,,,33.3,3,71.9,,,82.5,10.3,7,12,63.2,62.5,0.9,Polynesia,383.3,49.3,4000.6,3.6,,89.4
Uganda,UG,Africa,https://api-ninjas-data.s3.us-west-2.amazonaws.com/flags/4x3/ChvZjUXa/ug.svg,30098,97.2,241550,60.4,1.9,10.5,6,21.8,72.4,,10.4,1402,65,4.1,5.6,104.1,46.1,8.9,45741,24.4,27.5,3.6,Eastern Africa,228.9,23.7,704.4,5,2445.8,101.3
Ukraine,UA,Europe,https://api-ninjas-data.s3.us-west-2.amazonaws.com/flags/4x3/ydox7u92/ua.svg,130832,86.3,603500,66.8,8.9,6.2,-0.4,95,14.1,171.3,16.7,14104,76.6,88.8,76.8,100.1,7.2,3.3,43734,69.5,96.9,-0.5,Eastern Europe,75.5,62.6,2956.9,1.4,1540.4,98
United Arab Emirates,AE,Asia,https://api-ninjas-data.s3.us-west-2.amazonaws.com/flags/4x3/g2IOl3w9/ae.svg,414179,223.8,83600,77.1,2.4,0.5,2.4,100.4,1.4,196.5,4.5,21286,79.1,,,107.3,5.5,1.7,9890,86.8,109.3,1.3,Western Asia,118.3,98.4,43005,1.4,8.7,109.4
United Kingdom,GB,Europe,https://api-ninjas-data.s3.us-west-2.amazonaws.com/flags/4x3/BFXrxLsq/gb.svg,2855297,97.7,242495,79.4,4.1,1.2,1,127.7,1,358.7,13,36316,82.9,69.4,51,101,3.8,1.4,67886,83.7,124.1,0.6,Northern Europe,280.6,94.9,42526.4,1.8,176.7,101.3
United States,US,North America,https://api-ninjas-data.s3.us-west-2.amazonaws.com/flags/4x3/8L07WqeX/us.svg,20580223,97.9,9833517,76.3,3.9,5,0.9,98.7,1.3,4761.3,33.9,79746,81.3,102,75,101.4,5.8,2.9,331003,82.5,99.2,0.6,Northern America,36.2,87.3,62917.9,1.8,1043.2,102.2
Uruguay,UY,South America,https://api-ninjas-data.s3.us-west-2.amazonaws.com/flags/4x3/aAnH2JTP/uy.svg,59597,93.5,173626,73.9,8.8,12.1,0.5,126.6,7.9,5.9,10.5,3469,81.3,58,34.5,107.6,8.7,1.6,3474,95.4,114.1,0.4,South America,19.8,74.8,17278.1,2,21.5,109.3
Uzbekistan,UZ,Asia,https://api-ninjas-data.s3.us-west-2.amazonaws.com/flags/4x3/7Q4lfgIW/uz.svg,50500,99.6,448969,69.4,6.1,1.1,1.5,92.7,23.3,81.2,7.6,5346,73.6,8.2,11.8,103.4,20.8,5.1,33469,50.4,93.9,1.6,Central Asia,78.7,55.2,1555,2.4,95.9,105
Vanuatu,VU,Oceania,https://api-ninjas-data.s3.us-west-2.amazonaws.com/flags/4x3/9OArxf2M/vu.svg,889,102.8,12189,68.8,4.4,,2.7,54.9,55.3,,36.1,116,71.9,,,107.8,22.4,3.2,307,25.4,53.5,2.5,Melanesia,25.2,25.7,3037.2,3.8,0,110.7
Venezuela,VE,South America,https://api-ninjas-data.s3.us-west-2.amazonaws.com/flags/4x3/v6fogB0x/ve.svg,208338,96.8,912050,68.4,9.4,36.7,1.4,91.6,8.4,113.7,52.9,427,76.1,100.3,59.3,96,25.7,-18,28436,88.2,84.7,-1.1,South America,32.2,72,7212.2,2.3,452.6,98.3
Vietnam,VN,Asia,https://api-ninjas-data.s3.us-west-2.amazonaws.com/flags/4x3/y7EwmjRC/vn.svg,244901,99.7,330967,71.2,2,1.5,3.2,,36.2,191.2,47.6,15498,79.4,31.7,25.5,111.9,16.7,7.1,97339,36.6,,1,South-Eastern Asia,313.9,70.3,2563.2,2.1,34.1,109.5
Yemen,YE,Asia,https://api-ninjas-data.s3.us-west-2.amazonaws.com/flags/4x3/uA3JXVAO/ye.svg,26672,101.5,527968,64.4,12.8,6.8,4.4,43.3,28.6,8.9,1,367,67.7,6.2,14,87.1,43.2,-1.3,29826,37.3,59.6,2.4,Western Asia,56.5,26.7,935.9,3.8,3922.9,99.9
Zambia,ZM,Africa,https://api-ninjas-data.s3.us-west-2.amazonaws.com/flags/4x3/gotdVzU2/zm.svg,27283,98.1,752612,60.3,11.4,5.4,4.3,,48.5,6,65.4,1072,66.2,3.5,4.8,99.9,45.6,4.1,18384,44.1,,2.9,Eastern Africa,24.7,14.3,1572.3,4.7,81.8,97.5
Zimbabwe,ZW,Africa,https://api-ninjas-data.s3.us-west-2.amazonaws.com/flags/4x3/J8rcpWMb/zw.svg,24312,91.3,390757,59.2,5,7.5,1.8,51.3,66.3,9.7,36.4,2580,62.2,9.2,10.9,108.7,38.7,4.8,14863,32.2,53.5,1.5,Eastern Africa,38.4,27.1,1683.8,3.6,20.8,111.1
